通常攻撃(沒有武器),3481186334,Melee,素手 first normal attack,
通常攻撃(沒有武器),1578628668,Melee,素手 second normal attack,
通常攻撃(沒有武器),888355388,Melee,素手 third normal attack,
通常攻撃(沒有武器),1306546230,Melee,素手 air first normal attack,
通常攻撃(沒有武器),439463649,Melee,素手 air second normal attack,
通常攻撃(沒有武器),2213730805,Melee,素手 air third normal attack,
墊步攻擊(沒有武器),2071807444,Melee,素手 ステップアタック,
俯身重拳(沒有武器),3085782811,PA,Unarmed,
通常攻撃(長杖),1698836726,Melee,Rod first normal attack,
通常攻撃(長杖),1698835954,Melee,Rod second normal attack,
通常攻撃(長杖),1698835891,Melee,Rod third normal attack,
通常攻撃(導具),603769614,Ranged,Talis first normal attack,
通常攻撃(導具),603769679,Ranged,Talis second normal attack,
通常攻撃(導具),603769484,Ranged,Talis third normal attack,
法撃彈,82081592,Melee,Rod Shoot,
翻滾射擊,102418521,Special,Another Rod Shooting Mode ring,
凍結爆炸,3533119346,Special,Freeze Ignition (Fo skill),
火球,2875245395,Tech,Uncharged,
火球,169905548,Tech,Charged,
火環,46933754,Tech,Uncharged,
火環,1396192371,Tech,Charged,
炎爆,3727832945,Tech,Uncharged,
炎爆,3160663286,Tech,Charged,
焰浪,992062163,Tech,Uncharged,
焰浪,1313506350,Tech,Charged,
零式焰浪,1314363598,Tech,Uncharged,
零式焰浪,2566461378,Tech,Uncharged,
零式焰浪,166001586,Tech,Charged,
零式焰浪,2588035419,Tech,Charged,
熾火球,3050042460,Tech,Ground Uncharged,
熾火球,4054265489,Tech,Ground Charged,
熾火球,828617961,Tech,Direct Uncharged,
熾火球,840836682,Tech,Direct Charged,
隕石轟擊,753131125,Tech,Uncharged,
隕石轟擊,3465265553,Tech,Charged,
冰刃,266516230,Tech,Uncharged,
冰刃,2503064048,Tech,Charged,
冰波,4241185338,Tech,Uncharged,
冰波,3975187521,Tech,Charged,
冰風暴,2628737071,Tech,Uncharged,
冰風暴,1838809243,Tech,Charged,
冰晶落,1906247115,Tech,Uncharged,
冰晶落,3773240682,Tech,Charged1,
冰晶落,3773212059,Tech,Sabarta charged (crafted?) second hit,
冰晶落,3773297992,Tech,Sabarta charged (crafted?) third hit,
寒冰噴射,49556873,Tech,Cone,
零式寒冰噴射,2952624225,Tech,Nabarta (type-0),
冰晶刻印,3811499950,Tech,Uncharged1,
冰晶刻印,1100223160,Tech,Charged1,
冰晶刻印,3813876239,Tech,Uncharged2,
冰晶刻印,1097749259,Tech,Charged2,
冰晶刻印,3811409918,Tech,Uncharged3,
冰晶刻印,1097489198,Tech,Charged3,
落雷,1715327776,Tech,Charged,
落雷,554054867,Tech,Uncharged,
零式落雷,553845451,Tech,Zonde (type-0 craft) uncharged,
零式落雷,3325804278,Tech,charged,
零式落雷,3480669127,Tech,charged final blast,
連鎖閃電,71596560,Tech,Charged,
連鎖閃電,3022246617,Tech,Uncharged,
雷獄,3676394406,Tech,Charged,
雷獄,1182047893,Tech,Uncharged,
雷光球,3103634595,Tech,Charged,
雷光球,577772084,Tech,Sazonde ignition burn/poisonlike damage? (charged),
雷光球,3004803920,Tech,Uncharged,
強電磁場,3588292375,Tech,Charged,
強電磁場,2651268955,Tech,Uncharged,
雷電領域,2789601843,Tech,Charged,
雷電領域,3856490257,Tech,Charged first thunder,
雷電領域,4278420419,Tech,Uncharged,
雷電領域,1343119479,Tech,Uncharged Nazonde first thunder,
雷鳥衝擊,1756866220,Tech,Charged,
雷鳥衝擊,2398664728,Tech,Uncharged,
風刃,521246550,Tech,Charged,
風刃,1968122153,Tech,Uncharged,
環風刃,240324652,Tech,Charged,
環風刃,3485405777,Tech,Uncharged,
環風刃,3917149067,Tech,Charged,
旋風柱,1061314683,Tech,Charged,
旋風柱,1105346738,Tech,Uncharged,
龍捲柱,886169895,Tech,Charged,
龍捲柱,3946162743,Tech,Uncharged,
風刃結界,2106601422,Tech,,
烈風衝擊,1233164694,Tech,Charged,
烈風衝擊,1497197786,Tech,Uncharged,
零式烈風衝擊,3917512316,Tech,Nazan (type-0 craft) uncharged,
零式烈風衝擊,1490526560,Tech,second,
零式烈風衝擊,3510056594,Tech,Nazan charged first hit,
零式烈風衝擊,2994867107,Tech,second hit,
零式烈風衝擊,1437435851,Tech,loads of hits,
空壓波,2891550606,Tech,Charged,
空壓波,1944592516,Tech,Uncharged,
光箭,696766223,Tech,Charged,
光箭,587902627,Tech,Uncharged,
旋光劍,1564723661,Tech,,
旋光劍,1530463953,Tech,,
旋光劍,1436931332,Tech,,
旋光劍,2514551176,Tech,,
旋光劍,2514506879,Tech,,
零式旋光劍,3628407015,Tech,Gigrants (type-0) spin,
零式旋光劍,3801422187,Tech,Gigrants (type-0) final spin,
光之槍,1533572763,Tech,Charged,
光之槍,3561438056,Tech,Uncharged,
恢復結界,142771121,Tech,,
恢復結界,4031424500,Tech,,
恢復結界,195155587,Tech,,
恢復結界,3436243939,Tech,,
淨化結界,2654395262,Tech,,
光之力場,3224409263,Tech,,
光之力場,441986811,Tech,,
流光彈,3937014835,Tech,,
流光彈,1775046628,Tech,,
闇影彈,3476394151,Tech,,
闇影彈,1348241237,Tech,,
闇光陣,2362873256,Tech,,
闇光陣,2076503293,Tech,,
闇影之雨,1346510043,Tech,,
闇影之雨,2458729274,Tech,,
零式闇影之雨,1488338153,Tech,Uncharged,
零式闇影之雨,3108138604,Teh,Charged,
闇影追跡,757530403,Tech,,
闇影追跡,3731229904,Tech,,
闇咒刻印,803375681,Tech,,
闇咒刻印,2368738938,Tech,,
魔魂爪,3791794807,Tech,,
魔魂爪,3041296659,Tech,,
黑炎射線,9380787,Tech,???,
黑炎射線,1671704953,Tech,???,
迅雷疾風,481495314,Tech,???,
迅雷疾風,2644417114,Tech,???,
燃燒,2505928570,Status,Burn Status Effect (level 1),
燃燒,2505928505,Status,Burn Status Effect (level 2),
燃燒,2505928696,Status,Burn Status Effect (level 3),
燃燒,2505928584,Status,Burn Status Effect (level 4),
燃燒,2505927753,Status,Burn Status Effect (level 5),
中毒,1739789695,Status,Poison Status Effect (level 1),
中毒,1739789694,Status,Poison Status Effect (level 2),
中毒,1739789665,Status,Poison Status Effect (level 3),
中毒,1739789664,Status,Poison Status Effect (level 4),
中毒,1739789667,Status,Poison Status Effect (level 5),
通常攻撃(短杖),1775819901,Melee,Wand,Te
通常攻撃(短杖),1775820734,Melee,Wand,Te
通常攻撃(短杖),1775820799,Melee,Wand,Te
墊步攻擊(短杖),1777037248,Melee,Wand (step attack),Te
中毒爆炸,2532986093,Special,Poison Ignition (Te skill),Te
法撃爆炸,2614865725,Tech,ウォンドギア (Ice),Te
法撃爆炸,1479548096,Tech,ウォンドギア (Fire),Te
法撃爆炸,789614525,Tech,ウォンドギア (Thunder),Te
法撃爆炸,3274663457,Tech,ウォンドギア (Light),Te
法撃爆炸,1513048310,Tech,ウォンドギア (Dark),Te
法撃爆炸,3948088357,Tech,ウォンドギア (Wind),Te
冰閃劍舞,295363461,Tech,バーランツィオン,
冰閃劍舞,3388489620,Tech,バーランツィオン,
冰閃劍舞,1163319447,Tech,バーランツィオン,
冰閃劍舞,2334157934,Tech,バーランツィオン,
冰閃劍舞,2379907725,Tech,バーランツィオン,
全周防禦,1612949165,Special,Hunter Weapon JG,
勇者衝鋒,3943870236,Melee,Braver スナッチステップ,
墊步攻擊(大劍),1216456228,Melee,Sword,
墊步攻擊(獻祭之噬零式),1279043576,Melee,サクリファイスバイト零式,
通常攻撃(大劍),1215379240,Melee,Sword 1st,
通常攻撃(大劍),1215379433,Melee,Sword 2nd,
通常攻撃(大劍),1215367338,Melee,Sword 3rd,
通常攻撃(獻祭之噬零式),2001359545,Melee,Sword 1st サクリファイスバイト零式,
通常攻撃(獻祭之噬零式),2002747972,Melee,Sword 2nd サクリファイスバイト零式,
通常攻撃(獻祭之噬零式),2084739075,Melee,Sword 3rd サクリファイスバイト零式,
通常攻撃(大劍),1331225593,Melee,Sword air first normal attack,
通常攻撃(大劍),1331225146,Melee,Sword air second normal attack,
通常攻撃(大劍),1331225211,Melee,Sword air third normal attack,
通常攻撃(獻祭之噬零式),1351584013,Melee,Sword air first normal attack サクリファイスバイト零式,
通常攻撃(獻祭之噬零式),1353244642,Melee,Sword air second normal attack サクリファイスバイト零式,
通常攻撃(獻祭之噬零式),1354018567,Melee,Sword air third normal attack サクリファイスバイト零式,
昇龍斬,1227622308,PA,Start,
昇龍斬,1224723795,PA,Spin,
旋空落,1224723730,PA,Spin,
旋空落,3096797813,PA,Slam,
旋空落,3096804787,PA,Twister Fall second slam part,
旋空落,3096805226,PA,Twister Fall third slam part,
旋空落,3096804398,PA,crafted spin,
旋空落,1227789065,PA,crafted slam,
旋空落,1227789258,PA,Twister Fall crafted second slam part,
旋空落,1227788826,PA,Twister Fall crafted third slam part,
新星環擊,3096784224,PA,1st,
新星環擊,3096784697,PA,2nd,
新星環擊,3034360175,PA,3rd,
御劍突擊,1224723856,PA,,
終結一擊,3096759815,PA,First 4,
終結一擊,3330009863,PA,final,
終結一擊,3096759878,PA,???,
終結一擊,3096760066,PA,???,
氣絕震擊,1224723991,PA,,
音速劍,3096760613,PA,no gear,
音速劍,3096760676,PA,partial gear,
音速劍,3096768032,PA,full gear,
音速劍,1410023705,PA,???,
殘酷投擲,2150373435,PA,grab,
殘酷投擲,1224724117,PA,thrown,
Enemy Thrown,2164805818,PA,beatdown,
斷罪突擊,3096967176,PA,no charge 1,
斷罪突擊,784836873,PA,no charge 2,
斷罪突擊,3096967243,PA,half charge 1,
斷罪突擊,785070206,PA,half charge 2,
斷罪突擊,3096936719,PA,full charge 1,
斷罪突擊,297995916,PA,full charge 2,
獻祭之噬,526157945,PA,サクリファイスバイト latch,
獻祭之噬,2275427188,PA,サクリファイスバイト charges,
獻祭之噬,985472180,PA,サクリファイスバイト short-charge,
獻祭之噬,2606728976,PA,サクリファイスバイト smack,
獻祭之噬零式,1040118139,PA,latch,
獻祭之噬零式,179195970,PA,charges,
獻祭之噬零式,3909378260,PA,short-charge,
獻祭之噬零式,3040541025,PA,smack,
熾熱連舞,3096775537,PA,イグナイトパリング first four strikes (parried version uses this as well),
熾熱連舞,54200585,PA,イグナイトパリング final two strikes,
熾熱連舞,498184876,PA,Ignition Parry parried first hit,
熾熱連舞,915579056,PA,Ignition Parry parried last 2 hits,
熾熱連舞,54200648,PA,Ignition Parry 1 gear last 2 hits,
熾熱連舞,54200890,PA,Ignition Parry 2 gear last 2 hits,
熾熱連舞,915578993,PA,Ignition Parry 1 gear last 2 hits parried,
熾熱連舞,915561415,PA,Ignition Parry 2 gear last 2 hits parried,
通常攻撃(長槍),2285482403,Melee,Partisan 1,
通常攻撃(長槍),2226608029,Melee,Partisan 2,
通常攻撃(長槍),3208780153,Melee,Partisan 3,
通常攻撃(長槍),689132866,Melee,Partizan air first normal attack,
通常攻撃(長槍),2984060434,Melee,Partizan air second normal attack,
通常攻撃(長槍),3685709820,Melee,Partizan air third normal attack,
墊步攻擊(長槍),998183821,Melee,Partisan Step,
環擊槍舞,636978853,PA,Slide Shaker spin no gear,
環擊槍舞,1520282204,PA,Slide Shaker final hit no gear,
環擊槍舞,3227905532,PA,Spin,
環擊槍舞,2058300958,PA,final,
音刃槍雨,2059941313,PA,,
音刃槍雨,2526158104,PA,Speed Rain no gear,
突擊上劈,2304899440,PA,ライジングフラッグ first ヒット no gear,
突擊上劈,1539563132,PA,ライジングフラッグ second ヒット no gear,
突擊上劈,4126118223,PA,ライジングフラッグ first ヒット with gear,
突擊上劈,3118916294,PA,ライジングフラッグ second ヒット with gear,
穿刺投擲,3489365027,PA,ピークアップスロー ヒット and pickup,
穿刺投擲,433956771,PA,ピークアップスロー thrown,
穿刺投擲,3149659211,PA,ピークアップスロー ヒット and pickup (g),
穿刺投擲,2913954274,PA,ピークアップスロー thrown (g),
詭局突擊,2653614511,PA,トリックレイヴ first 5 ヒットs,
詭局突擊,13652846,PA,トリックレイヴ final ヒット,
詭局突擊,3731898348,PA,トリックレイヴ first 5 ヒットs (gear),
詭局突擊,3577272225,PA,トリックレイヴ final ヒット (gear),
一閃,377464480,PA,スライドエンド uncharged,
一閃,2909671153,PA,スライドエンド charged,
一閃,3587562687,PA,スライドエンド uncharged (gear),
一閃,1834644812,PA,スライドエンド charged (gear),
毀滅突擊,3303155134,PA,アサルトバスター,
毀滅突擊,2759272399,PA,アサルトバスター charge,
毀滅突擊,1141954068,PA,アサルトバスター (gear),
毀滅突擊,345377627,PA,アサルトバスター charge (gear),
獵豹強奪,3904258146,PA,バンタースナッチ,
獵豹強奪,4105316267,PA,バンタースナッチ (gear),
聖槍制裁,978114411,PA,セイクリッドスキュア,
聖槍制裁,3090311227,PA,セイクリッドスキュア (gear),
聖槍制裁零式,1194865789,PA,Sacred Skewer (type-0) no gear uncharged,
聖槍制裁零式,458263249,PA,Sacred Skewer (type-0) gear uncharged,
聖槍制裁零式,2210359068,PA,Sacred Skewer (type-0) no gear charged,
聖槍制裁零式,2391746623,PA,Sacred Skewer (type-0) gear charged,
猛禽獵殺,936938020,PA,ヴォルグラプター,
猛禽獵殺,925141705,PA,ヴォルグラプター charged,
撕裂網格,3331228937,PA,Tear Grid combo ヒットs,
撕裂網格,195498830,PA,Tear Grid final ヒット,
撕裂網格,3630719180,PA,Tear Grid combo ヒットs(g),
撕裂網格,3226393072,PA,Tear Grid final ヒット (g),
通常攻撃(自在槍),1667827810,Melee,Wired Lance 1,
通常攻撃(自在槍),1667827875,Melee,Wired Lance 2,
通常攻撃(自在槍),1667828192,Melee,Wired Lance 3,
墊步攻擊(自在槍),1667395446,Melee,WL Step,
拘束摔落,2996928382,PA,バインドスルー pickup,
拘束摔落,377627045,PA,バインドスルー slam,
束縛突擊,1615246036,PA,グラップルチャージ grapple,
束縛突擊,1667543020,PA,グラップルチャージ charge,
天堂殞落,4142951253,PA,ヘブンリーフォール heaven,
天堂殞落,1713894514,PA,ヘブンリーフォール fall,
颶風投擲,1850125110,PA,アザーサイクロン grab,
颶風投擲,1871999855,PA,アザーサイクロン cyclone,
颶風投擲,455829749,PA,アザーサイクロン fling,
颶風投擲零式,1370775705,PA,Other Cyclone craft grab,
颶風投擲零式,3838831464,PA,spin,
颶風投擲零式,3070400580,PA,throw,
颶風投擲零式,4266934922,PA,Other Cyclone (C) thrown into enemy (ground),
颶風投擲零式,1107498562,PA,Other Cyclone (C) thrown into enemy (air),
陀螺旋投,781364083,PA,アザースピン start,
陀螺旋投,516963559,PA,アザースピン spin,
陀螺旋投,1667539754,PA,アザースピン end,
電流拘束,3976609677,PA,ホールディングカレント latch,
電流拘束,4083023452,PA,ホールディングカレント spamclick ticks,
電流拘束,604066823,PA,ホールディングカレント auto ticks,
電流拘束,1667539691,PA,ホールディングカレント detatch,
虛空擺盪,1667539880,PA,エアポケットスイング,
地獄犬之舞,1667539817,PA,サーベラスダンス,
地獄犬之舞,185880800,PA,サーベラスダンス finish,
地獄犬之舞零式,4083015423,PA,サーベラスダンス (crafted),
地獄犬之舞零式,1181894001,PA,サーベラスダンス finish (crafted),
狂野風暴,1667539503,PA,ワイルドラウンド,
凱薩崛起,4083089437,PA,カイザーライズ,
應對迴旋,4083089500,PA,アダプトスピン,
通常攻撃(銃劍),3318968327,Melee,Gunslash M1,
通常攻撃(銃劍),1408075886,Melee,Gunslash M2,
通常攻撃(銃劍),2364486899,Melee,Gunslash M3,
通常攻撃(銃劍),1405961624,Melee,Gunslash (striking mode) air first normal attack,
通常攻撃(銃劍),3342919411,Melee,Gunslash (striking mode) air second normal attack,
通常攻撃(銃劍),3800743499,Melee,Gunslash (striking mode) air third normal attack,
通常攻撃(銃劍),2125202658,Ranged,Gunslash R1,
通常攻撃(銃劍),4276570552,Ranged,Gunslash R2,
通常攻撃(銃劍),2867139739,Ranged,Gunslash R3,
墊步攻擊(銃劍),2277392279,Melee,Gunslash Step,
三重衝擊,3316645180,PA,トライインパクト first two ヒットs,
三重衝擊,1956354608,PA,トライインパクト third impact,
三重衝擊零式,2041657518,PA,Tri-Impact Crafted first non-slash hit,
三重衝擊零式,4121081309,PA,トライインパクト crafted ヒット,
三重衝擊零式,3770139908,PA,トライインパクト crafted ヒット,
三重衝擊零式,1585984604,PA,トライインパクト crafted ヒット,
狂怒之舞,4069575100,PA,レイジダンス stabs,
狂怒之舞,2375995786,PA,レイジダンス shot,
上劈射擊,1803337451,PA,エインラケーテン 打ち上げ,
上劈射擊,4080719295,PA,エインラケーテン 射撃,
上劈射擊零式,867419120,PA,Ein Raketen (type-0) hit,
上劈射擊零式,2879859001,PA,Ein Raketen (type-0) slash stationary,
上劈射擊零式,2001154192,PA,Ein Raketen (type-0) slash,
盤蛇擊空,3780905363,PA,サーペントエア ヒットs,
盤蛇擊空,3959349048,PA,サーペントエア final ヒット,
瞄準射擊,1657878962,PA,エイミングショット (uncharged),
瞄準射擊,1657879790,PA,エイミングショット (charged),
炸裂彈倉,3912567547,PA,スリラープロード,
狂襲連斬,799003079,PA,スラッシュレイヴ combo ヒットs,
狂襲連斬,799003014,PA,スラッシュレイヴ finishing shot part 1,
狂襲連斬,1159428500,PA,スラッシュレイヴ finishing shot part 2,
狂襲連斬,3180075746,PA,Slash Rave finishing shot part 2 no stagger,
三段連射,2250284406,PA,アディションバレット kick,
三段連射,2775356067,PA,アディションバレット shot,
轉位衝擊,4071330996,PA,クライゼンシュラーク (some ヒットs),
轉位衝擊,3235361631,PA,クライゼンシュラーク (other ヒットs),
衝擊連震,74469442,PA,レーゲンシュラーク strike one,
衝擊連震,74466659,PA,レーゲンシュラーク strike two,
衝擊連震,74468002,PA,レーゲンシュラーク triple shot,
雙重殉難,3169780679,PA,シュトレツヴァイ melee startup,
雙重殉難,3169781527,PA,シュトレツヴァイ melee ヒットs (+range twirl),
雙重殉難,3169781648,PA,シュトレツヴァイ melee finisher,
雙重殉難,3169644227,PA,Ranged version (spin),
通常攻撃(兩劍),778603760,Melee,Double Saber 1,
通常攻撃(兩劍),2169426261,Melee,Double Saber 2,
通常攻撃(兩劍),1915920209,Melee,Double Saber 3,
通常攻撃(兩劍),3587443201,Melee,Double Saber air first normal attack,
通常攻撃(兩劍),2489626506,Melee,Double Saber air second normal attack,
通常攻撃(兩劍),3086213424,Melee,Double Saber air third normal attack,
墊步攻擊(兩劍),422538670,Melee,Double Saber Step,
DS 龍捲風,2620269130,Special,level 1,
DS 龍捲風,2620268940,Special,level 2,
DS 龍捲風,2620269005,Special,level 3,
龍捲之舞零式,275226098,PA,,
龍捲之舞零式,3746811944,PA,,
龍捲之舞,1825444869,PA,,
利剪切割,1652495452,PA,シザーエッジ initial ヒット,
利剪切割,2998595631,PA,シザーエッジ additioナ・l ヒットs,
漫步之月,4252278068,PA,ランブリングムーン first four ヒットs,
漫步之月,4115432396,PA,ランブリングムーン final ヒット,
幻影突襲,262573151,PA,イリュージョンレイヴ (like the first half),
幻影突襲,1810428573,PA,イリュージョンレイヴ (other half of the ヒットs),
幻影突襲,122219643,PA,イリュージョンレイヴ (final ヒット - third half!!),
虛假捕獲,206972203,PA,フェイクキャプチャ ヒットs,
虛假捕獲,207210116,PA,フェイクキャプチャ slam dunk,
驚駭突擊,1531593100,PA,サプライズダンク (first three ヒットs),
驚駭突擊,129472838,PA,サプライズダンク (dunk portion),
致命射手,4243814605,PA,デッドリーアーチャー,
攻防迴舞,2726424864,PA,アクロエフェクト,
致命圓環,1319999679,PA,デッドリーサークル,
致命圓環零式,1215958429,PA,Deadly Circle craft,
混亂逆反,3025396833,PA,ケイオスライザー (no gear),
混亂逆反,3025396896,PA,ケイオスライザー (Level 2 gear),
混亂逆反,3025396960,PA,ケイオスライザー,
颶風釋放,1523926491,PA,Hurricane sender send,
颶風釋放,524784934,PA,Hurricane sender detonate,
颶風釋放,1523926426,PA,Hurricane sender send (level2 gear),
颶風釋放,524782206,PA,Hurricane detonate (level 2 gear),
颶風釋放,1523926105,PA,Hurricane send (level 2 gear),
颶風釋放,524782271,PA,Hurricane detonate (*level 3 gear),
通常攻撃(雙小刀),2378312327,Melee,,
通常攻撃(雙小刀),2378312320,Melee,,
通常攻撃(雙小刀),2378312321,Melee,,
通常攻撃(雙小刀),3816723344,Melee,0 gear air first normal attack,
通常攻撃(雙小刀),3816723347,Melee,1 gear,
通常攻撃(雙小刀),3816723346,Melee,2 gear,
通常攻撃(雙小刀),3816723349,Melee,3 gear,
通常攻撃(雙小刀),1163229184,Melee,0 gear air second normal attack,
通常攻撃(雙小刀),1163229191,Melee,1 gear,
通常攻撃(雙小刀),1163229190,Melee,2 gear,
通常攻撃(雙小刀),1163229189,Melee,3 gear,
通常攻撃(雙小刀),1893769682,Melee,0 gear air third normal attack,
通常攻撃(雙小刀),1893769685,Melee,1 gear,
通常攻撃(雙小刀),1893769684,Melee,2 gear,
通常攻撃(雙小刀),1893769687,Melee,3 gear,
雙小刀旋轉,3115487285,Special,0 gear TD Spin,
雙小刀旋轉,3115487274,Special,1 gear,
雙小刀旋轉,3115487275,Special,2 gear,
雙小刀旋轉,3115487272,Special,3 gear,
墊步攻擊(雙小刀),2767975965,Melee,TD Step,
狂怒華爾滋,238277165,PA,レイジングワルツ 0 gear,
狂怒華爾滋,238277154,PA,レイジングワルツ 1 gear,
狂怒華爾滋,238277155,PA,レイジングワルツ 2 gear,
狂怒華爾滋,238277152,PA,レイジングワルツ 3 gear,
狂怒華爾滋零式,1205859347,PA,レイジングワルツ 0 gear,
狂怒華爾滋零式,1205859348,PA,Raging Waltz (type-0) 1(?) gear,
狂怒華爾滋零式,1205859349,PA,Raging Waltz (type-0) 2(?) gear,
狂怒華爾滋零式,1205859350,PA,Raging Waltz (type-0) 3(?) gear,
速擊波卡舞,2053605232,PA,シュートポルカ stage 0 gear,
速擊波卡舞,2053605233,PA,シュートポルカ stage 1 gear,
速擊波卡舞,2053605246,PA,シュートポルカ stage 2 gear,
速擊波卡舞,2053605247,PA,シュートポルカ stage 3 gear,
威嚇賦格曲,1193225277,PA,Scar Fugue 0 gear first hit,
威嚇賦格曲,1193225276,PA,1 gear,
威嚇賦格曲,1193225279,PA,2 gear,
威嚇賦格曲,1193225278,PA,3 gear,
威嚇賦格曲,2790036905,PA,Scar Fugue 0 gear second hit,
威嚇賦格曲,2790036906,PA,1 gear,
威嚇賦格曲,2790036907,PA,2 gear,
威嚇賦格曲,2790036908,PA,3 gear,
威嚇賦格曲,721495005,PA,Scar Fugue 0 gear third hit,
威嚇賦格曲,721495004,PA,1 gear,
威嚇賦格曲,721495003,PA,2 gear,
威嚇賦格曲,721495002,PA,3 gear,
野性狂想曲零式,3998547224,PA,ワイルドラプソディ stage 0 gear,
野性狂想曲零式,3998547225,PA,ワイルドラプソディ stage 1 gear,
野性狂想曲零式,3998547226,PA,ワイルドラプソディ stage 2 gear,
野性狂想曲零式,3998547227,PA,ワイルドラプソディ stage 3 gear,
黑暗詼諧曲,2711968273,PA,Dark Scherzo 0 gear first two hits,
黑暗詼諧曲,2711968272,PA,Dark Scherzo 1 gear,
黑暗詼諧曲,2711968287,PA,Dark Scherzo 2 gear,
黑暗詼諧曲,2711968286,PA,Dark Scherzo 3 gear,
黑暗詼諧曲,2115627931,PA,Dark Scherzo 0 gear final,
黑暗詼諧曲,2115627930,PA,Dark Scherzo 1 gear,
黑暗詼諧曲,2115627909,PA,Dark Scherzo 2 gear,
黑暗詼諧曲,2115627908,PA,Dark Scherzo 3 gear,
迅捷進行曲,3438453616,PA,Quick March 0 gear 2 kicks,
迅捷進行曲,3438453623,PA,Quick March 1 gear,
迅捷進行曲,3438453622,PA,Quick March 2 gear,
迅捷進行曲,3438453621,PA,Quick March 3 gear,
迅捷進行曲,751181375,PA,Quick March 0-1(?) gear final,
迅捷進行曲,751181369,PA,Quick March 2 gear,
迅捷進行曲,751181368,PA,Quick March 3 gear,
驅馳交響曲,2764513441,PA,0 gear Symphonic Drive first kick,
驅馳交響曲,2764513442,PA,1 gear,
驅馳交響曲,2764513443,PA,2 gear,
驅馳交響曲,2764513444,PA,3 gear,
驅馳交響曲,167868454,PA,0 gear Symphonic Drive second kick,
驅馳交響曲,167868455,PA,1 gear,
驅馳交響曲,167868448,PA,2 gear,
驅馳交響曲,167868449,PA,3 gear,
劍刃圓舞曲,120509749,PA,0 gear Orchestra,
劍刃圓舞曲,120509750,PA,1 gear,
劍刃圓舞曲,120509751,PA,2 gear,
劍刃圓舞曲,120509752,PA,3 gear,
劍刃圓舞曲,1362404324,PA,0 gear Orchestra finish,
劍刃圓舞曲,1362404325,PA,1 gear,
劍刃圓舞曲,1362404326,PA,2 gear,
劍刃圓舞曲,1362404327,PA,3 gear,
血腥薩拉邦德,1022160397,PA,Bloody Saranbande 0 gear pt1,
血腥薩拉邦德,1022160396,PA,Bloody Saranbande 1 gear,
血腥薩拉邦德,1022160395,PA,Bloody Saranbande 2 gear,
血腥薩拉邦德,1022160394,PA,Bloody Saranbande 3 gear,
血腥薩拉邦德,1185927985,PA,Bloody Saranbande 0 gear pt2 ground,
血腥薩拉邦德,2745888524,PA,Bloody Saranbande 0 gear pt2 air,
血腥薩拉邦德,2745888515,PA,Bloody Saranbande 1 gear,
血腥薩拉邦德,2745888514,PA,Bloody Saranbande 2 gear,
血腥薩拉邦德,2745888513,PA,Bloody Saranbande 3 gear,
寶石佛利亞,2569859798,PA,Facet Folia 0 gear start,
寶石佛利亞,2569859799,PA,Facet Folia 1 gear,
寶石佛利亞,2569859796,PA,Facet Folia 2 gear,
寶石佛利亞,2569859797,PA,Facet Folia 3 gear,
寶石佛利亞,3225817327,PA,Facet Folia 0 gear combo,
寶石佛利亞,3225817324,PA,Facet Folia 1 gear,
寶石佛利亞,3225817325,PA,Facet Folia 2 gear,
寶石佛利亞,3225817234,PA,Facet Folia 3 gear,
寶石佛利亞,1460149683,PA,Facet Folia 0 gear finish,
寶石佛利亞,1460149681,PA,Facet Folia 1 gear,
寶石佛利亞,1460149686,PA,Facet Folia 2 gear,
寶石佛利亞,1460149680,PA,Facet Folia 3 gear,
寶石佛利亞,1622238417,PA,Fall Nocturne 0-1 gear,
寶石佛利亞,1622238480,PA,Fall Nocturne 2 gear,
寶石佛利亞,1622238547,PA,Fall Nocturne 3 gear,
通常攻撃(鋼拳),1325529929,Melee,Knuckles 1,
通常攻撃(鋼拳),1539605878,Melee,Knuckles 2,
通常攻撃(鋼拳),2996195244,Melee,Knuckles 3,
通常攻撃(鋼拳),3833651966,Melee,Knuckles air first normal attack,
通常攻撃(鋼拳),3392788140,Melee,Knuckles air second normal attack,
通常攻撃(鋼拳),2085169672,Melee,Knuckles air third normal attack,
墊步攻擊(鋼拳),1024789612,Melee,Knuckles Step,
俯身重拳,3490454980,PA,,
閃擊刺拳,2220142187,PA,,
輪轉連拳,2800536054,PA,,
側身鉤拳零式,4153501826,PA,スライドアッパー (crafted),
側身鉤拳零式,4153501763,PA,スライドアッパー (crafted) uncharged,
衝鋒直拳,3732653666,PA,ストレイトチャージ (first ヒット) charge,
衝鋒直拳,3964807003,PA,ストレイトチャージ (after first) charge,
衝鋒直拳,524347705,PA,ストレイトチャージ (first ヒット) uncharge,
衝鋒直拳,2294749657,PA,ストレイトチャージ (after first) uncharge,
衝鋒直拳零式,1438955103,PA,?,
衝鋒直拳零式,3383204495,PA,?,
憾地咆哮,895673964,PA,クエイクハウリング,
驚駭連拳,71364306,PA,サプライズナックル,
閃影連擊,1586239574,PA,フラッシュサウザンド uppercut,
閃影連擊,3809237665,PA,フラッシュサウザンド jabs,
八極反砸,653244323,PA,バックハンドスマッシュ,
八極反砸,653244128,PA,Backhand Smash,
八極反砸,653244002,PA,Backhand Smash,
流星拳,2796397201,PA,メテオフィスト (lots of fists edition),
流星拳,1647551898,PA,メテオフィスト charged (lots of fists),
流星拳,1160708678,PA,Meteor Fist (medium fist no gear),
流星拳,1050511877,PA,メテオフィスト (bigass fist edition),
流星拳,70519939,PA,MEGAFIST,
碎心衝擊,1169988911,PA,ハートレスインパクト part 1,
碎心衝擊,63569063,PA,ハートレスインパクト part 2,
通常攻撃(拔劍),3146534752,Melee,Katana 1,
通常攻撃(拔劍),3146534691,Melee,Katana 2,
通常攻撃(拔劍),3146534882,Melee,Katana 3,
通常攻撃(拔劍),3103989825,Melee,Katana air first normal attack,
通常攻撃(拔劍),3103990658,Melee,Katana air second normal attack,
通常攻撃(拔劍),3103990723,Melee,Katana air third normal attack,
墊步攻擊(拔劍),3106156042,Melee,Katana Step,
BRJC,2700168094,Special,Just Counter 0 gear hit,
BRJC,2700168093,Special,Just Counter 1 gear,
BRJC,2700168092,Special,Just Counter 2 gear,
BRJC,4143333980,Special,Just Counter 3 gear,
BRJC,4136181738,Special,Just Counter (2-3 gear) second hit,
反擊之刃,1987114712,Special,Counter Edge 0-1 gear,
反擊之刃,4184015666,Special,Counter Edge 2-3 gear,
月見花茶,3148575588,PA,ツキミサザンカ,
月下石榴,215665118,PA,ゲッカザクロ downswing,
月下石榴,2160628938,PA,Gekka upswing,
寒蘭桔梗,3148575462,PA,Kanran uncharged,
寒蘭桔梗,206856796,PA,Kanran charged,
櫻花終結,3148575399,PA,Sakura uncharged,
櫻花終結,206860877,PA,Sakura charged,
櫻花終結零式,3124578212,PA,Sakura-endo (type-0) first hit,
櫻花終結零式,18135230,PA,Sakura-endo (type-0) second hit,
飛燕椿,3148574817,PA,Hien,
朝霧薔薇,3148574752,PA,Asagiri,
朝霧薔薇,3341396290,PA,final hit,
波濤龍膽,3651508774,PA,Hatou uncharged,
波濤龍膽,2325733367,PA,Hatou uncharged doubleヒット,
波濤龍膽,273071015,PA,Hatou charged close,
波濤龍膽,2209628291,PA,Hatou charged medium,
波濤龍膽,1651702934,PA,Hatou charged SWEET SPOOOOT,
波濤龍膽,106956039,PA,Hatou Rindou charged first hit,
波濤龍膽,168167719,PA,Hatou Rindou charged second hit,
瞬華春蘭,2585461118,PA,Shunka uncharged,
瞬華春蘭,3513096229,PA,Shunka charged start,
瞬華春蘭,2264839669,PA,Shunka charged main combo,
瞬華春蘭,1450022218,PA,Shunka-shunran left/right slash,
瞬華春蘭,1309789969,PA,Shunka megaslash 1 of 2,
瞬華春蘭,2017360610,PA,Shunka megaslash 2 of 2,
華山撫子,3148578174,PA,カザンナデシコ (uncrafted),
華山撫子零式,2323234226,PA,カザンナデシコ (crafted) uncharged,
華山撫子零式,2323234289,PA,カザンナデシコ (crafted) stage 1 charge,
華山撫子零式,2323233840,PA,カザンナデシコ (crafted) stage 2 charge,
不動梔子,206850016,PA,フドウクチナシ,
刀陣終結,156270665,Special,Katana finish slash,
紅蓮鐵線,1776976279,PA,グレンテッセン dash,
紅蓮鐵線,1522008442,PA,グレンテッセン slash,
刀陣終結,4259442013,Special,Katana finish megaslash,
通常攻撃(飛翔劍),990294516,Melee,DB 1st,
通常攻撃(飛翔劍),990294325,Melee,DB 2nd,
通常攻撃(飛翔劍),990294387,Melee,DB 3rd,
通常攻撃(飛翔劍),996054556,Melee,DB 1st air,
通常攻撃(飛翔劍),996054749,Melee,DB 2nd air,
通常攻撃(飛翔劍),996054686,Melee,DB 3rd air,
墊步攻擊(飛翔劍),991363414,Melee,DB step attack,
光子飛刃,1317379950,Melee,Skill Ring,
光刃狂熱,3920319747,Special,フォトンブレード,
光刃狂熱,2866606807,Special,Photon blade fever,
猛禽展翼,2674942872,PA,ディストラクトウィング,
猛禽展翼,2674942873,PA,- One gear bar,
猛禽展翼,2674942854,PA,- Two gear bars,
猛禽展翼,2674942855,PA,- Three gear bars,
擴散伯勞,1077400737,PA,ディスパースシュライク,
擴散伯勞,1077400736,PA,- One gear bar,
擴散伯勞,1077400739,PA,- Two gear bars,
擴散伯勞,1077400738,PA,- Three gear bars,
天堂之鳶,1536765733,PA,ヘブンリーカイト (start),
天堂之鳶,1536765732,PA,- One gear bar,
天堂之鳶,1536765735,PA,- Two gear bars,
天堂之鳶,1536765734,PA,- Three gear bars,
天堂之鳶,3702927798,PA,ヘブンリーカイト (spin),
天堂之鳶,3702927797,PA,- One gear bar,
天堂之鳶,3702927796,PA,- Two gear bars,
天堂之鳶,3702927803,PA,- Three gear bars,
正義烏鴉,770345041,PA,ジャスティスクロウ (star forming),
正義烏鴉,770345042,PA,- One gear bar,
正義烏鴉,770345043,PA,- Two gear bars,
正義烏鴉,770345044,PA,- Three gear bars,
正義烏鴉,1549517485,PA,ジャスティスクロウ (projectイル・e shot),
正義烏鴉,1549517474,PA,- One gear bar,
正義烏鴉,1549517475,PA,- Two gear bars,
正義烏鴉,1549517472,PA,- Three gear bars,
椋鳥殞落,2231885709,PA,スターリングフォール (ヒット 1),
椋鳥殞落,2231885710,PA,- One gear bar,
椋鳥殞落,2231885711,PA,- Two gear bars,
椋鳥殞落,2231885744,PA,- Three gear bars,
椋鳥殞落,3810810460,PA,スターリングフォール (ヒット 2),
椋鳥殞落,3810810461,PA,- One gear bar,
椋鳥殞落,3810810462,PA,- Two gear bars,
椋鳥殞落,3810810463,PA,- Three gear bars,
隼鷹狂怒,2840651037,PA,ケストレルランページ,
隼鷹狂怒,2840651036,PA,- One gear bar,
隼鷹狂怒,2840651039,PA,- Two gear bars,
隼鷹狂怒,2840651038,PA,- Three gear bars,
隼鷹狂怒零式,4277013577,PA,Kestrel Rampage craft no gear,
隼鷹狂怒零式,4277013576,PA,1 gear,
隼鷹狂怒零式,4277013623,PA,2 gear,
隼鷹狂怒零式,4277013622,PA,3 gear,
永恆之鴿,823939487,PA,イモータルダーヴ (ground ヒット part 1),
永恆之鴿,823939486,PA,- One gear bar,
永恆之鴿,823939485,PA,- Two gear bars,
永恆之鴿,823939484,PA,- Three gear bars,
永恆之鴿,630801458,PA,イモータルダーヴ (ground ヒット part 2),
永恆之鴿,630801461,PA,- One gear bar,
永恆之鴿,630801460,PA,- Two gear bars,
永恆之鴿,630801463,PA,- Three gear bars,
永恆之鴿,2263183151,PA,イモータルダーヴ (air),
永恆之鴿,2263183150,PA,- One gear bar,
永恆之鴿,2263183145,PA,- Two gear bars,
永恆之鴿,2263183144,PA,- Three gear bars,
通常攻撃(強弓),2272169032,Ranged,Bow normal,
通常攻撃(強弓),2272172706,Ranged,Bow normal(charge),
墊步攻擊(強弓),3762661375,Melee,ステップアタック,
支配射擊,346594595,PA,マスターシュート (uncharged),
支配射擊,346612320,PA,マスターシュート (charged),
穿透箭,345271774,PA,ペネトレイトアロウ (uncharged),
穿透箭,345281053,PA,ペネトレイトアロウ (charged),
激流箭雨,347381214,PA,トレンシャルアロウ (uncharged),
激流箭雨,347381151,PA,トレンシャルアロウ (charged),
重力奇點,3485093660,PA,グラヴィティポイント (uncharged),
重力奇點,3438287013,PA,グラヴィティポイント suction (uncharged),
重力奇點,3485092908,PA,グラヴィティポイント (charged),
重力奇點,3438287076,PA,グラヴィティポイント suction (charged),
神風箭,3470042837,PA,カミカゼアロウ fling,
神風箭,3439973719,PA,カミカゼアロウ rebound,
神風箭,3470042646,PA,カミカゼアロウ fling (charged),
神風箭,3439973654,PA,カミカゼアロウ rebound (charged),
銳利爆破,294311563,PA,シャープボマー,
銳利爆破零式,3671759171,PA,Uncharged,
銳利爆破零式,3671760384,PA,Charged,
最終報應,3765323771,PA,ラストネメシス,
進擊射手,294299758,PA,トリットシューター kicks,
進擊射手,294300276,PA,トリットシューター shot,
進擊射手,349059562,PA,トリットシューター roundhouse,
進擊射手零式,349008452,PA,トリットシューター (crafted) kicks,
進擊射手零式,349008990,PA,トリットシューター (crafted) shots,
進擊射手零式,3255472210,PA,トリットシューター (crafted) roundhouse,
絕跡箭,348753019,PA,バニッシュアロウ,
萬箭風暴,294264661,PA,ミリオンストーム,
追擊箭,294264342,PA,チェイスアロウ,
通常攻撃(長銃),1856399071,Ranged,Rifle shot,
通常攻撃(長銃),220156466,Ranged,Rifle Diveroll shoot,
通常攻撃(脆化子彈),713142898,Special,Weak bullet ヒット,
穿甲彈,220056925,PA,ピアッシングシェル,
鎗榴彈,220057357,PA,グレネードシェル,
單點射擊,220057548,PA,ワンポイント,
擴散彈,220057487,PA,ディフューズシェル,
追蹤射擊,220057166,PA,ホーミングエミッション (uncrafted),
追蹤射擊,3857665729,PA,ホーミングエミッション (crafted),
滑行射擊,220056584,PA,インパクトスライダー,
滑行射擊,1218987301,PA,インパクトスライダー (kick),
潛伏射手,220056777,PA,スニークシューター,
榮耀之雨,1190704694,PA,Glorious Rain start,
榮耀之雨,220056714,PA,グローリーレイン,
平行射擊,220057419,PA,パラレルスライダー,
平行射擊,3857649477,PA,パラレルスライダー零式,
衛星光砲,2295790933,PA,サテライトカノン (no charge),
衛星光砲,2295790868,PA,サテライトカノン (half charge),
衛星光砲,2295790295,PA,サテライトカノン (full charge),
終結誘惑,2285537842,PA,エンドアトラクト (no charge),
終結誘惑,2285537907,PA,エンドアトラクト (half charge),
終結誘惑,2285538736,PA,エンドアトラクト (full charge),
重力炸彈,3695311812,Special,グラビティボム,
震撼彈,506640607,Special,スタングレネード,
毒素陷阱,3727926333,Special,Poison Trap (Ra skill),
爆破陷阱,2460168075,Special,Upper trap (Ra skill),
定身彈,192041748,Special,Bind Bullet (Ra skill),
通常攻撃(大砲),594271163,Ranged,First,
通常攻撃(大砲),594271098,Ranged,Second,
通常攻撃(大砲),594270780,Ranged,Third,
翻滾攻撃(大砲),2731320054,Ranged,Dive roll shoot,
幻覺射擊,3433218069,Special,Mirage Shot (Ra skill),
混亂射擊,1201754534,Special,Panic Shot (Ra skill),
弱化射擊,2734794071,Special,Jellen Shot (Ra skill),
高爆砲彈,2709160760,PA,ディバインランチャー,
高爆炮彈零式,1445952978,PA,uncharged,
高爆炮彈零式,1445953294,PA,charged,
單點集中,2709161692,PA,コンセントレイトワン,
集束砲彈,2709161629,PA,クラスターバレット,
破片砲彈,2219649314,PA,クラッカーバレット (multiヒット),
破片砲彈,2709161566,PA,クラッカーバレット (final),
零距離砲擊,2709161503,PA,ゼロディスタンス,
火箭噴射,2219642677,PA,ロデオドライブ,
火箭噴射,2219641904,PA,Rodeo Drive air start hit,
火箭噴射零式,2419129261,PA,Rodeo Drive (type-0) ride,
火箭噴射零式,3817341497,PA,Rodeo Drive (type-0) finisher uncharged,
火箭噴射零式,3817342330,PA,Rodeo Drive (type-0) finisher charged,
瘋狂鎚擊,2709161368,PA,クレイジースマッシュ (direct enemy),
誘餌設置,2219699734,PA,フェイクシルエット,
火焰放射,2709161242,PA,フレイムバレット,
宇宙破壞者,2219596384,PA,コスモスブレイカー,
天體清除者,2219595324,PA,スフィアイレイザー,
通常攻撃(雙機槍),3132894402,Ranged,First attack (4x) 0 gear,
通常攻撃(雙機槍),3132894403,Ranged,1 gear,
通常攻撃(雙機槍),3132894401,Ranged,2 gear,
通常攻撃(雙機槍),3132894400,Ranged,3 gear,
通常攻撃(雙機槍),1923738865,Ranged,Second attack (4x) 0 gear,
通常攻撃(雙機槍),1923738870,Ranged,1 gear,
通常攻撃(雙機槍),1923738868,Ranged,2 gear,
通常攻撃(雙機槍),1923738871,Ranged,3 gear,
通常攻撃(雙機槍),1901223401,Ranged,Third attack (5x) 0 gear,
通常攻撃(雙機槍),1901223406,Ranged,1 gear,
通常攻撃(雙機槍),1901223404,Ranged,2 gear,
通常攻撃(雙機槍),1901223407,Ranged,3 gear,
通常攻撃(雙機槍),2297353124,Ranged,Dive roll shoot 0 gear,
通常攻撃(雙機槍),2297352795,Ranged,1 gear,
通常攻撃(雙機槍),2297352794,Ranged,2 gear,
通常攻撃(雙機槍),2297352793,Ranged,3 gear,
通常攻撃(雙機槍),2594009166,Ranged,S-roll shoot 0 gear,
通常攻撃(雙機槍),2594009167,Ranged,1 gear,
通常攻撃(雙機槍),2594009160,Ranged,2 gear,
通常攻撃(雙機槍),2594009161,Ranged,3 gear,
上勾踢擊,891590654,PA,Aerial shooting (uncharged kick) 0 gear,
上勾踢擊,891590641,PA,1 gear,
上勾踢擊,891590640,PA,2 gear,
上勾踢擊,891590643,PA,3 gear,
上勾踢擊,4004748150,PA,Aerial shooting (charged launch) 0 gear,
上勾踢擊,4004748151,PA,1 gear,
上勾踢擊,4004748144,PA,2 gear,
上勾踢擊,4004748145,PA,3 gear,
上勾踢擊,4004760231,PA,Aerial shooting (first air hit) 0 gear,
上勾踢擊,4004760230,PA,1 gear,
上勾踢擊,4004760225,PA,2 gear,
上勾踢擊,4004760224,PA,3 gear,
上勾踢擊,4004772370,PA,Aerial shooting (second air hit) 0 gear,
上勾踢擊,4004772369,PA,1 gear,
上勾踢擊,4004772368,PA,2 gear,
上勾踢擊,4004772375,PA,3 gear,
空舞彈雨,3463411283,PA,Bullet Squall start (uncrafted) 0 gear,
空舞彈雨,3463411282,PA,1 gear,
空舞彈雨,3463411293,PA,2 gear,
空舞彈雨,3463411292,PA,3 gear,
空舞彈雨,443425897,PA,Bullet Squall shots (uncrafted) 0 gear,
空舞彈雨,443425896,PA,1 gear,
空舞彈雨,443425899,PA,2 gear,
空舞彈雨,443425898,PA,3 gear,
死亡衝擊,232817712,PA,Dead Approach 0 gear,
死亡衝擊,232817719,PA,1 gear,
死亡衝擊,232817718,PA,2 gear,
死亡衝擊,232817717,PA,3 gear,
子彈時間,3991628327,PA,Messiah Time (every shot) 0 gear,
子彈時間,3991628324,PA,1 gear,
子彈時間,3991628325,PA,2 gear,
子彈時間,3991628330,PA,3 gear,
無限射擊,3134942095,PA,Infinite Fire (initial volley) 0 gear,
無限射擊,3134942094,PA,1 gear,
無限射擊,3134942093,PA,2 gear,
無限射擊,3134942092,PA,3 gear,
無限射擊,879653107,PA,Infinite Fire (final volley) 0 gear,
無限射擊,879653104,PA,1 gear,
無限射擊,879653105,PA,2 gear,
無限射擊,879653110,PA,3 gear,
無限射擊,1612843143,PA,Infinite Fire craft 0 gear shots,
無限射擊零式,2004097432,PA,kick,
無限射擊零式,1345025835,PA,final blast,
無限射擊零式,1612843192,PA,1 gear shots,
無限射擊零式,2004097433,PA,kick,
無限射擊零式,1345025834,PA,final blast,
無限射擊零式,1612843193,PA,2 gear shots,
無限射擊零式,2004097434,PA,kick,
無限射擊零式,1345025833,PA,blast,
無限射擊零式,1612843194,PA,3 gear shots,
無限射擊零式,2004097435,PA,kick,
無限射擊零式,1345025832,PA,final blast,
精確狙擊,1770510361,PA,Satellite Aim (hit 1) 0 gear,
精確狙擊,1770510366,PA,1 gear,
精確狙擊,1770510367,PA,2 gear,
精確狙擊,1770510364,PA,3 gear,
精確狙擊,2273182629,PA,Satellite Aim (hit 2) 0 gear,
精確狙擊,2273181786,PA,1 gear,
精確狙擊,2273181787,PA,2 gear,
精確狙擊,2273181784,PA,3 gear,
叛逆槍舞,1108337397,PA,Elder Rebellion (5 hits) 0 gear,
叛逆槍舞,1108337396,PA,1 gear,
叛逆槍舞,1108337395,PA,2 gear,
叛逆槍舞,1108337394,PA,3 gear,
叛逆槍舞,4042421111,PA,Elder Rebellion (2 blasts) 0 gear,
叛逆槍舞,4042421110,PA,1 gear,
叛逆槍舞,4042421105,PA,2 gear,
叛逆槍舞,4042421104,PA,3 gear,
叛逆槍舞,3412194152,PA,Elder Rebellion (final blast) 0 gear,
叛逆槍舞,3412194159,PA,1 gear,
叛逆槍舞,3412194158,PA,2 gear,
叛逆槍舞,3412194157,PA,3 gear,
逆轉腳刀,1550097800,PA,Reverse tap 0 gear,
逆轉腳刀,1550097807,PA,1 gear,
逆轉腳刀,1550097806,PA,2 gear,
逆轉腳刀,1550097805,PA,3 gear,
足踝重擊,2371693862,PA,Heel Stab (first kick) 0 gear,
足踝重擊,2371693863,PA,1 gear,
足踝重擊,2371693860,PA,2 gear,
足踝重擊,2371693861,PA,3 gear,
足踝重擊,4134662873,PA,Heel Stab (uncharged second) 0 gear,
足踝重擊,4134662878,PA,1 gear,
足踝重擊,4134662879,PA,2 gear,
足踝重擊,4134662876,PA,3 gear,
足踝重擊,1163390941,PA,Heel Stab (charged second) 0 gear,
足踝重擊,1163390930,PA,1 gear,
足踝重擊,1163390931,PA,2 gear,
足踝重擊,1163390928,PA,3 gear,
足踝重擊,148870087,PA,Heel Stab (charged volley) 0 gear,
足踝重擊,148870086,PA,1 gear,
足踝重擊,148870081,PA,2 gear,
足踝重擊,148870080,PA,3 gear,
相位時刻,3102409757,PA,Shift Period 0 gear,
相位時刻,3102409758,PA,シフトピリオド 1 gear,
相位時刻,3102409759,PA,シフトピリオド 2 gear,
相位時刻,3102409728,PA,Shift Period 3 gear,
相位時刻,2107489028,PA,Shift Period 0 gear,
相位時刻,2107489029,PA,Shift Period 1 gear,
相位時刻,2107489030,PA,シフトピリオド 2 gear,
相位時刻,2107489031,PA,Shift Period 3 gear,
相位時刻,2928127116,PA,Shift Period 0 gear,
相位時刻,2928127107,PA,Shift Period 1 gear,
相位時刻,2928127106,PA,シフトピリオド 2 gear,
相位時刻,2928127105,PA,Shift Period 3 gear,
相位時刻,4206265008,PA,Shift Period 0 gear,
相位時刻,4206265011,PA,Shift Period 1 gear,
相位時刻,4206265010,PA,シフトピリオド 2 gear,
相位時刻,4206265013,PA,Shift Period 3 gear,
相位時刻,2869490729,PA,Shift Period 0 gear final shot,
相位時刻,2869490728,PA,Shift Period 1 gear final shot,
相位時刻,2869490902,PA,シフトピリオド 2 gear final shot,
相位時刻,2869490903,PA,Shift Period 3 gear final shot,
殘酷彈幕,896218141,PA,Grim Barrage 0 gear,
殘酷彈幕,896218140,PA,1 gear,
殘酷彈幕,896218139,PA,2 gear,
殘酷彈幕,896218138,PA,3 gear,
殘酷彈幕,1235843178,PA,Grim Barrage (part 2) 0 gear,
殘酷彈幕,1235843181,PA,1 gear,
殘酷彈幕,1235843180,PA,2 gear,
殘酷彈幕,1235843183,PA,3 gear,
通常攻撃(魔裝腳),3540874879,Melee,First Attack,
通常攻撃(魔裝腳),2778548652,Melee,Second Attack,
通常攻撃(魔裝腳),3614558463,Melee,Third Attack,
墊步攻擊(魔裝腳),798466786,Melee,ステップアタック,
通常攻撃(魔裝腳),2184540187,Melee,Shift Action,
通常攻撃(魔裝腳),747815998,Special,Jump hit (Fire),
通常攻撃(魔裝腳),1254493977,Special,Jump hit (Ice),
通常攻撃(魔裝腳),3280158646,Special,Jump hit (Lightning),
通常攻撃(魔裝腳),2954183594,Special,Jump hit (Wind),
通常攻撃(魔裝腳),1853582271,Special,Jump hit (Light),
通常攻撃(魔裝腳),580662444,Special,Jump hit (Dark),
元素爆發,844099599,Special,Fire Elemental Burst (Bo skill),
元素爆發,436531970,Special,Ice Elemental Burst (Bo skill),
元素爆發,3183103116,Special,Lightning Elemental Burst (Bo skill),
元素爆發,3999693063,Special,Wind Elemental Burst (Bo skill),
元素爆發,1812915089,Special,Light Elemental Burst (Bo skill),
元素爆發,606506553,Special,Dark Elemental Burst (Bo skill),
暴風強襲,2440471691,PA,ストライクガスト (uncharged first two),
暴風強襲,3982071982,PA,ストライクガスト (uncharged final),
暴風強襲,2049018178,PA,ストライクガスト (half charge first three),
暴風強襲,2476784422,PA,ストライクガスト (half charge final),
暴風強襲,1301043509,PA,ストライクガスト (charged first four),
暴風強襲,3955365271,PA,ストライクガスト (final),
暴風強襲,3088217635,PA,ストライクガスト (interrupt),
暴風強襲零式,2869687889,PA,Strike Gust (Type-0) first charge shift action,
暴風強襲零式,1071365573,PA,?,
暴風強襲零式,452976794,PA,interrupt ?,
暴風強襲零式,1462163353,PA,?,
暴風強襲零式,1808168665,PA,interrupt ?,
破浪突擊,424716447,PA,グランウェイヴ (first kick),
破浪突擊,3764244857,PA,グランウェイヴ (kick volle),
破浪突擊,228498928,PA,Gran Wave final kick,
破浪突擊,147222821,PA,グランウェイヴ (interrupt),
狂風時刻,1327336062,PA,モーメントゲイル,
狂風時刻,4236946851,PA,モーメントゲイル (interrupt part 1),
風之勝利者,4124802045,PA,Vinto (explode),
風之勝利者,2398433897,PA,Vinto (explode any gear),
風之勝利者,3958422470,PA,Vinto (kick),
風之勝利者,1528400162,PA,Vinto (kick half gear),
風之勝利者,3849186397,PA,Vinto Gigue (full gear explosion),
風之勝利者,598735040,PA,Vinto (kick full gear),
通常攻撃(奏具),4065469038,Melee,Baton attack,
通常攻撃(汪達),2785585589,Melee,Wanda auto-attack 1,
通常攻撃(汪達),2785585652,Melee,Wanda auto-attack 2,
通常攻撃(汪達),2785585714,Melee,Wanda auto-attack 3,
汪達‧突擊,933681441,PA,ワンダアサルト,
汪達‧環擊,3960069561,PA,ワンダブレイク,
汪達‧電場,3960069496,PA,ワンダショック,
汪達‧脈衝,933701936,PA,ワンダパルサー,
汪達‧脈衝,4223323079,PA,ワンダパルサー,
汪達‧斬切,2918501417,PA,ワンダスライサー,
汪達‧斬切,2918501480,PA,ワンダスライサー,
通常攻撃(金迦),2981353400,Melee,Jinga first normal attack,
通常攻撃(金迦),2981353465,Melee,Jinga second normal attack,
通常攻撃(金迦),2981351487,Melee,Jinga third normal attack,
金迦‧斬切,3467827123,PA,広範囲にわたる素早い双撃で数多の敵を同時に攻撃する。,
金迦‧斬切,3467827186,PA,2 hit,
金迦‧電場,2252116314,PA,閃光を伴う衝撃波を発生させ敵の目をくらませ、足止めをする。,
金迦‧環擊,2252115978,PA,円を描くような、強力な一撃を放つ。範囲は狭いが、周囲の敵をなぎ倒せる。,
金迦‧脈衝,3369486556,PA,跳ねるように敵を突き上げて攻撃する。ヒットした敵に持続ダメージが発生。,
金迦‧脈衝,3606184590,PA,Dot,
金迦‧突擊,3369572495,PA,フォトンをまとい、ジグザグに突撃しその後、プレイヤーの元へと戻る。,
通常攻撃(托利姆),487482498,Melee,Torim auto-attack 1,
通常攻撃(托利姆),487482435,Melee,Torim auto-attack 2,
通常攻撃(托利姆),487489051,Melee,Torim auto-attack 3,
托利姆‧衝撞,4093858806,PA,トリムスタッブ,
托利姆‧迴旋,2211899418,PA,トリムスパイラル (uncharged),
托利姆‧迴旋,2211899483,PA,トリムスパイラル (charge lv.1),
托利姆‧迴旋,926005986,PA,トリムスパイラル (charge lv.1 shout buff),
托利姆‧迴旋,2211900312,PA,トリムスパイラル (charge lv.2),
托利姆‧迴旋,926861457,PA,トリムスパイラル (charge lv.2 shout buff),
托利姆‧光彈,4238918472,PA,トリムバレット shout buff dot,
托利姆‧光彈,4238918539,PA,トリムバレット Dot,
托利姆‧光彈,2052351310,PA,トリムバレット Hit 1,
托利姆‧光彈,672081019,PA,トリムバレット  Hit 2,
托利姆‧尖嘯,4093858743,PA,トリムシャウト,
托利姆‧斬擊,4093858613,PA,トリムスラッシュ,
托利姆‧斬擊,672024361,PA,トリムスラッシュ shout buff,
通常攻撃(埃洛),37070160,Melee,Aero first normal attack,
通常攻撃(埃洛),37070227,Melee,Aero second normal attack,
通常攻撃(埃洛),37070290,Melee,Aero third normal attack,
埃洛‧尖嘯,772156432,PA,咆哮と共に気合を溜める。一定時間特定のフォトンアーツの威力が上がる。,
埃洛‧衝撞,772155588,PA,瞬時に敵に近づき、体当たりで攻撃。攻撃と同時に敵の反対側へ回る。,
埃洛‧斬擊,772155525,PA,双翼のフォトンによる連続攻撃を行う。幾重にも渡る翼撃は敵を切り刻む。,
埃洛‧斬擊,88413264,PA,shout,
埃洛‧迴旋,4119800976,PA,力を溜め、必殺の一撃を放つ。(uncharged),
埃洛‧迴旋,4119798486,PA,(charge lv.1),
埃洛‧迴旋,663625842,PA,(charge lv.1 shock wave),
埃洛‧迴旋,3404526192,PA,(charge lv.1 shout buff),
埃洛‧迴旋,2888644253,PA,(charge lv.1 shock wave shout buff),
埃洛‧迴旋,4119798295,PA,(charge lv.2),
埃洛‧迴旋,647460626,PA,(charge lv.2 shock wave),
埃洛‧迴旋,3404513889,PA,(charge lv.2 shout buff),
埃洛‧迴旋,1798066999,PA,(charge lv.2 shock wave shout buff),
埃洛‧光彈,2572277765,PA,宙返りと共に羽根弾を発射する。その後、プレイヤーの元へと戻る。,
埃洛‧光彈,88471088,PA,Hit1,
埃洛‧光彈,3446126836,PA,Hit2,
埃洛‧光彈,3446127031,PA,shout buff dot,
通常攻撃(莎莉),639929291,Melee,Cery auto-attack 1,
莎莉‧爆破,2156897712,PA,サリィプロード,
莎莉/波普露‧能量場,493814577,PA,サリィテリトリー,
莎莉/波普露‧能量場,493814640,PA,サリィテリトリー,
莎莉‧弱化彈,3581010262,PA,サリィカース,
莎莉‧重力場,385030021,PA,サリィフォール,
莎莉‧追擊彈,385050960,PA,サリィチェイサー,
通常攻撃(波普露),578161427,Melee,popple,
波普露‧爆破,2622073432,PA,凝縮されたフォトン炸裂弾を発射する。ボタンホールドでチャージ可能。,
波普露‧爆破,850642716,PA,charge,
波普露‧重力場,1711861634,PA,フォトンによる重力場を形成し 敵を捕らえ、行動を阻害する。,
波普露‧追擊彈,1711859717,PA,敵をなぎ倒して進む追尾弾を発射する。弾速は速いが、持続性は低い。,
波普露‧弱化彈,3737792897,PA,ジェルン効果を持つ追尾弾を敵へ放つ。ジェルンは攻撃力を低下させる。,
通常攻撃(馬隆),2944355330,Melee,Marron auto-attack 1,
通常攻撃(馬隆),2944352598,Melee,Marron auto-attack 2,
通常攻撃(馬隆),2944352663,Melee,Marron auto-attack 3,
馬隆‧強襲,3595323408,PA,Marron Strike 0～2 hit,
馬隆‧強襲,3595323990,PA,Marron Strike 3～5 hit,
馬隆‧強襲,3595323799,PA,Marron Strike 6 hit (Max),
馬隆‧強襲,4118650930,PA,Maron Strike explosion,
馬隆‧環擊,115059488,PA,Marron Break,
馬隆‧追擊彈,115059427,PA,Marron Chaser,
馬隆‧光彈,1099252288,PA,Marron Curse Hit,
馬隆‧光彈,1102156943,PA,Marron  Curse Dot,
通常攻撃(梅隆),2920779330,Melee,Melon auto-attack 1,
通常攻撃(梅隆),2920778756,Melee,Melon auto-attack 2,
通常攻撃(梅隆),2920778949,Melee,Melon auto-attack 3,
梅隆‧強襲,3889466000,PA,Melon Strike 0 hit,
梅隆‧強襲,3889465937,PA,Melon Strike 1 hit,
梅隆‧強襲,3889465879,PA,Melon Strike 2 hit (Max),
梅隆‧強襲,1160289435,PA,Melon Strike explosion,
梅隆‧環擊,3771080959,PA,Melon Break,
梅隆‧追擊彈,3771080766,PA,Melon Chaser,
梅隆‧光彈,745748621,PA,Melon Curse Hit,
梅隆‧光彈,745791480,PA,Melon Curse Dot,
馬隆&梅隆自爆傷害,3460765776,Damage,ストライク後のペットをkillするダメージ,
通常攻撃(拉比),2042365716,Melee,Rappy (pet) normal attack,
拉比‧旋律,3463249617,PA,Rappy Melody attack (pet),
拉比‧旋律,12316684,PA,Rappy Melody heal (pet),
拉比‧旋律,1380676151,PA,Rappy Drop (pet),
拉比‧大砲,1380677110,PA,Rappy Cannon (pet),
拉比‧大砲,401389881,PA,Rappy Sonic (pet),
拉比‧終結,1793658679,PA,Rappy End stage 1 (pet),
拉比‧終結,1793658742,PA,Rappy End stage 2 (pet),
拉比‧終結,1793658549,PA,Rappy End stage 3 (pet),
通常攻撃(維歐拉),1596394370,Melee,ヴィオラ first normal attack,
通常攻撃(維歐拉),1596394307,Melee,ヴィオラ second normal attack,
通常攻撃(維歐拉),1596393984,Melee,ヴィオラ third normal attack,
維歐拉‧斬切,4259075413,PA,ヴィオラスライサー first hit,
維歐拉‧斬切,4259075094,PA,ヴィオラスライサー second hit,
維歐拉‧突擊,555201499,PA,ヴィオラアサルト,
維歐拉‧重踏,555203454,PA,ヴィオラスタンプ,
維歐拉‧重踏,4244643339,PA,ヴィオラスタンプ hard hit,
維歐拉‧脈衝,555201434,PA,ヴィオラパルサー first hit,
維歐拉‧脈衝,201300655,PA,ヴィオラパルサー DoT,
維歐拉‧斬切,2643918256,PA,ヴィオラスライサー first hit (ヴィオラチェンジ version),
維歐拉‧斬切,2643918193,PA,ヴィオラスライサー second hit (ヴィオラチェンジ version),
維歐拉‧突擊,4235149933,PA,ヴィオラアサルト (ヴィオラチェンジ version),
維歐拉‧重踏,4259879100,PA,ヴィオラスタンプ (ヴィオラチェンジ version),
維歐拉‧重踏,375503608,PA,ヴィオラスタンプ hard hit (ヴィオラチェンジ version),
維歐拉‧脈衝,4234893896,PA,ヴィオラパルサー first hit (ヴィオラチェンジ version),
維歐拉‧脈衝,444146511,PA,ヴィオラパルサー DoT (ヴィオラチェンジ version),
通常攻撃(真紅郎),1147655708,Melee,シンクロウ first normal attack,
通常攻撃(真紅郎),1147655711,Melee,Shinkurou second normal hit,
通常攻撃(真紅郎),1147655710,Melee,Shinkurou third normal hit,
真紅郎‧斬,2368496396,PA,Synchro Zan,
真紅郎‧斬,932657263,PA,Synchro Zan PA succession,
真紅郎‧腳,2368496330,PA,Synchro Kyaku,
真紅郎‧腳,1954712103,PA,Synchro Kyaku PA succession,
真紅郎‧拳,2368496267,PA,Synchro Ken,
真紅郎‧拳,3201748996,PA,Synchro Ken PA succession,
真紅郎‧彈,2368496200,PA,Synchro Dan,
真紅郎‧彈,4256887742,PA,Synchro Dan PA succession,
真紅郎‧擊,2905893090,PA,Synchro Geki,
真紅郎‧擊,2905888420,PA,Synchro Geki 2 PA succession,
真紅郎‧擊,2905888357,PA,Synchro Geki 3 PA succession,
真紅郎‧擊,2905888294,PA,Synchro Geki 4 PA succession,
通常攻撃(雷多拉),2131775436,Melee,Ledran normal attack,
雷多拉‧鐳射,1219413769,PA,Ledran Laser 1-3 lock-on,
雷多拉‧鐳射,1219413832,PA,Ledran Laser 4-7 lock-on,
雷多拉‧鐳射,1219413643,PA,Ledran Laser 8 lock-on,
雷多拉‧斬撃,4244805011,PA,Ledran Slash,
雷多拉‧爆雷,4244805205,PA,Ledran Mine hit,
雷多拉‧爆雷,1312015390,PA,Ledran Mine explosion,
雷多拉‧爆裂,1282005173,PA,Ledran Burst 1-3 balls,
雷多拉‧爆裂,1282005238,PA,Ledran Burst 4-7 balls,
雷多拉‧爆裂,1282005047,PA,Ledran Burst 8 balls,
通常攻撃(英雄大劍),2444771520,Melee,Hero Sword first normal attack,Hr
通常攻撃(英雄大劍),2444771715,Melee,Hero Sword second normal attack,Hr
通常攻撃(英雄大劍),2832347180,Melee,Hero Sword third normal attack first hit,Hr
通常攻撃(英雄大劍),2832347245,Melee,Hero Sword third normal attack second hit,Hr
通常攻撃(英雄大劍),2441204331,Melee,Hero Sword first normal attack air,Hr
通常攻撃(英雄大劍),2441204394,Melee,Hero Sword second normal attack air,Hr
通常攻撃(英雄大劍),3756260250,Melee,Hero Sword third normal attack first hit air,
通常攻撃(英雄大劍),3756260700,Melee,Hero Sword third normal attack second hit air,
墊步攻擊(英雄大劍),2448594388,Melee,Hero Sword Step Attack,
墊步反擊(英雄大劍),2094998893,Melee,Hero Sword Step Attack after dodge,
氣彈,3043390195,Special,Hero Sword Weapon Action no charge,
氣彈,4293352220,Special,Hero Sword Weapon Action charge lv.1,
氣彈,669993200,Special,Hero Sword Weapon Action charge lv.2,
浮空斬,717168700,PA,Rising Slash start,
浮空斬,1830196905,PA,Rising Slash slashes,
浮空斬,3710313763,PA,Rising Slash final part first hit,
浮空斬,3710313824,PA,Rising Slash final part second hit,
浮空斬,2089764912,PA,Rising Slash final part final hit,
浮空斬,718899304,PA,Rising Slash start air,
光刃閃,718820347,PA,Brightness End first hit,
光刃閃,346766635,PA,Brightness End slash,
閃光突進,715425742,PA,Flash Trick weapon hit,
閃光突進,715424670,PA,Flash Trick finish,
氣彈射擊,673837877,PA,Vapor Bullet,
通常攻撃(英雄導具),3317919827,Ranged,Hero Talis first normal attack,
通常攻撃(英雄導具),3317921051,Ranged,Hero Talis second normal attack,
通常攻撃(英雄導具),3317921242,Ranged,Hero Talis third normal attack,
高速移動(英雄導具),1159592166,Ranged,Hero Talis Weapon Action hit,
墊步攻擊(英雄導具),3318755300,Ranged,Hero Talis Step Attack,
墊步反擊(英雄導具),1089593935,Ranged,Hero Talis Step Attack after dodge,
墊步反擊(英雄導具),4105920492,Ranged,Hero Talis Step Attack after dodge,
噴射旋車,1736785343,PA,Jet Wheel talis hit(s),
噴射旋車,3161437904,PA,Jet Wheel aoe,
噴射旋車,2852176964,PA,Jet Wheel when switched to Sword,
噴射旋車,2852180670,PA,Jet Wheel when switched to TMG,
睿智獵犬,209487851,PA,Wise Hound,
睿智獵犬,507041974,PA,Wise Hound when switched to Sword,
睿智獵犬,507041839,PA,Wise Hound when switched to TMG,
潛行射擊,1342643252,PA,Dive of Bullet,
銳刃突襲,1422891855,PA,Racer Edge,
通常攻撃(英雄雙機槍),1403081519,Ranged,Hero TMG normal attack,Hr
墊步攻擊(英雄雙機槍),2834748182,Ranged,Hero TMG Step Attack,Hr
墊步反擊(英雄雙機槍),1905792389,Ranged,Hero TMG Step Attack after dodge,Hr
新星烙印,2832005595,PA,Brand New Star,Hr
新星烙印,1399183080,PA,Brand New Star after dodge,Hr
最終風暴,2832005530,PA,Final Storm,Hr
銳刃轉換,2832005465,PA,Second Edge,Hr
詭術時刻,2832005400,,Moment Trick,Hr
武器切換攻擊(英雄大劍),2817683590,Melee,Switch to Sword,Hr
武器切換攻擊(英雄導具),1591095807,Ranged,Switch to Talis,Hr
武器切換攻擊(英雄雙機槍),2461200579,Ranged,Switch to TMG,Hr
英雄時刻終結技 (英雄大劍),2268332858,Special,Hero Time Sword slashes,Hr
英雄時刻終結技 (英雄大劍),170999070,Special,Hero Time Sword finish,Hr
英雄時刻終結技 (英雄大劍),2268332813,Special,Hero Time Sword finish hard hit,Hr
英雄時刻終結技 (英雄導具),1266101764,Special,Hero Time Talis pull-in,Hr
英雄時刻終結技 (英雄導具),11556353,Special,Hero Time Talis slashes,Hr
英雄時刻終結技 (英雄導具),1233721870,Special,Hero Time Talis slashes while switched to Sword,Hr
英雄時刻終結技 (英雄導具),1233722348,Special,Hero Time Talis slashes while switched to TMG,Hr
英雄時刻終結技 (英雄雙機槍),3480338695,Special,Hero Time TMG burst,Hr
英雄雙重跳躍,3274240781,Special,Next Jump (Hero's double jump),
打撃/アタック,2667138551,Special,Mag action (S-ATK Attack),
打撃/ブロー,3296842070,Special,Mag action (S-ATK Blow),
打撃/アッパー,546125641,Special,Mag action (S-ATK Upper),
射撃/炎通常弾,1810252617,Special,Mag action (R-ATK Fire Bullet),
射撃/氷通常弾,1509329819,Special,Mag action (R-ATK Ice Bullet),
射撃/雷通常弾,887429903,Special,Mag action (R-ATK Lightning Bullet),
射撃/風通常弾,1747262548,Special,Mag action (R-ATK Wind Bullets),
射撃/光通常弾,3303318723,Special,Mag action (R-ATK Light Bullet),
射撃/闇通常弾,1811866223,Special,Mag action (R-ATK Dark Bullet),
射撃/炎貫通弾,183890233,Special,Mag action (R-ATK Piercing Fire Bullet),
射撃/氷貫通弾,3146527639,Special,Mag action (R-ATK Piercing Ice Bullet),
射撃/雷貫通弾,2042405421,Special,Mag action (R-ATK Piercing Lightning Bullet),
射撃/風貫通弾,195905495,Special,Mag action (R-ATK Piercing Wind Bullet),
射撃/光貫通弾,2373460025,Special,Mag action (R-ATK Piercing Light Bullet),
射撃/闇貫通弾,196570118,Special,Mag action (R-ATK Piercing Dark Bullet),
射撃/炎炸裂弾,867373469,Special,Mag action (R-ATK Exploding Fire Bullet),
射撃/氷炸裂弾,1542931456,Special,Mag action (R-ATK Exploding Ice Bullet),
射撃/雷炸裂弾,3126711672,Special,Mag action 雷炸裂弾(R-ATK/Exploding Lightning Bullet),
射撃/風炸裂弾,1687392375,Special,Mag action (R-ATK Exploding Wind Bullet),
射撃/光炸裂弾,649064981,Special,Mag action (R-ATK Exploding Light Bullet),
射撃/闇炸裂弾,2364012448,Special,Mag action (R-ATK Exploding Dark Bullet),
法撃/フォイエ,1049123664,Special,Mag action (T-ATK Foie),
法撃/バータ,3760306129,Special,Mag action (T-ATK Barta),
法撃/ゾンデ,4075390095,Special,Mag action (T-ATK Zonde),
法撃/ザン,912617849,Special,Mag action (T-ATK Zan),
法撃/グランツ,1886571787,Special,Mag action (T-ATK Grants),
法撃/メギド,1059126347,Special,Mag action (T-ATK Megid),
SP打撃/乱舞,3104220402,Special,Mag action - 乱舞(S-ATK SP/Clobber),
SP射撃/速射,4205203418,Special,Mag action - 速射(R-ATK SP/Vulcan),
獨角獸・撞擊,2004640116,Special,PB Helix Proi 0+1+2-chain,
獨角獸・撞擊,1792224906,Special,PB Helix Proi 3-chain,
獨角獸・雷電攻擊,1075221526,Special,PB Helix Imera aoe attack 0-chain,
獨角獸・雷電攻擊,1817839236,Special,PB Helix Imera first hit 1++-chain,
獨角獸・雷電攻擊,3826344072,Special,PB Helix Imera aoe attack 1+2-chain,
獨角獸・雷電攻擊,4211237222,Special,PB Helix Imera aoe attack 3-chain,
獨角獸・踐踏,3903398021,Special,PB Helix Nykta horn hit 0+1-chain,
獨角獸・踐踏,823402941,Special,PB Helix Nykta horn hit 2+3-chain,
獨角獸・踐踏,3627456031,Special,PB Helix Nykta landing hit 0+1-chain,
獨角獸・踐踏,2415309454,Special,PB Helix Nykta landing hit 2+3-chain,
不朽堡壘・砲擊,718460570,Special,PB Ajax Proi 0+1+2-chain,
不朽堡壘・砲擊,498592293,Special,PB Ajax Proi 3-chain,
不朽堡壘・光子脈衝,4274907792,Special,PB Ajax Imera 0+1+2-chain,
不朽堡壘・光子脈衝,2379589576,Special,PB Ajax Imera 3-chain,
不朽堡壘・導彈,3512301214,Special,PB Ajax Nykta first hit 0+1-chain,
不朽堡壘・導彈,1846509854,Special,PB Ajax Nykta first hit 2+3-chain,
不朽堡壘・導彈,3625928312,Special,PB Ajax Nykta second hit 0+1-chain,
不朽堡壘・導彈,2811060000,Special,PB Ajax Nykta second hit 2+3-chain,
魅惑之魚・光子回覆,4277784487,Special,PB Ketos Proi 0+1+2+3-chain,
魅惑之魚・激光炮,430308113,Special,PB Ketos Imera 0-chain,
魅惑之魚・激光炮,413582417,Special,PB Ketos Imera 1-chain,
魅惑之魚・激光炮,4017106933,Special,PB Ketos Imera 2-chain,
魅惑之魚・激光炮,380422613,Special,PB Ketos Imera 3-chain,
魅惑之魚・落雷,1161221232,Special,PB Ketos Nykta 0+1-chain,
魅惑之魚・落雷,320287461,Special,PB Ketos Nykta 2-chain,
魅惑之魚・落雷,3929437971,Special,PB Ketos Nykta 3-chain,
夜叉・連續攻擊,2074769727,Special,PB Julius Proi 0-chain,
夜叉・連續攻擊,2074769724,Special,PB Julius Proi 1-chain,
夜叉・連續攻擊,2074769725,Special,PB Julius Proi 2-chain,
夜叉・連續攻擊,2074769722,Special,PB Julius Proi 3-chain,
夜叉・連續攻擊,2224628886,Special,PB Julius Proi final blast 0-chain,
夜叉・連續攻擊,2224628885,Special,PB Julius Proi final blast 1-chain,
夜叉・連續攻擊,2224628884,Special,PB Julius Proi final blast 2-chain,
夜叉・連續攻擊,2224628883,Special,PB Julius Proi final blast 3-chain,
夜叉・突刺攻擊,3412523140,Special,PB Julius Imera 0-chain,
夜叉・突刺攻擊,3412523139,Special,PB Julius Imera 1-chain,
夜叉・突刺攻擊,3412523138,Special,PB Julius Imera 2-chain,
夜叉・突刺攻擊,3412523137,Special,PB Julius Imera 3-chain,
夜叉・超重力場,764702094,Special,PB Julius Nykta 0-chain,
夜叉・超重力場,764702093,Special,PB Julius Nykta 1-chain,
夜叉・超重力場,764702092,Special,PB Julius Nykta 2-chain,
夜叉・超重力場,764702091,Special,PB Julius Nykta 3-chain,
伊利奧斯・斬擊,2814861617,Special,PB Ilios Proi 0-chain,
伊利奧斯・斬擊,2814861618,Special,PB Ilios Proi 1-chain,
伊利奧斯・斬擊,2814861619,Special,PB Ilios Proi 2-chain,
伊利奧斯・斬擊,2814861772,Special,PB Ilios Proi 3-chain,
伊利奧斯・貫通衝擊波,2207342095,Special,PB Ilios Imera 0-chain,
伊利奧斯・貫通衝擊波,2207342092,Special,PB Ilios Imera 1-chain,
伊利奧斯・貫通衝擊波,2207342093,Special,PB Ilios Imera 2-chain,
伊利奧斯・貫通衝擊波,2207342090,Special,PB Ilios Imera 3-chain,
伊利奧斯・光柱,4037912096,Special,PB Ilios Nykta 0-chain,
伊利奧斯・光柱,4037912097,Special,PB Ilios Nykta 1-chain,
伊利奧斯・光柱,4037912102,Special,PB Ilios Nykta 2-chain,
伊利奧斯・光柱,4037912103,Special,PB Ilios Nykta 3-chain,
DB通常攻撃(巨軀),267911699,Melee,Dark Blast first hit,
DB通常攻撃(巨軀),262346668,Melee,Dark Blast second,
DB通常攻撃(巨軀),265285249,Melee,Dark Blast third,
DB通常攻撃(巨軀),264996390,Melee,Dark Blast fourth (kick),
DB通常攻撃(巨軀),311089933,Melee,Dark Blast fifth (launcher),
DB通常攻撃(巨軀),3988916155,Melee,Dark Blast sixth (pummel),
DB通常攻撃(巨軀),265781051,Melee,Dark Blast seventh (pummel pt2),
DB墊步攻擊(巨軀),3141577094,Melee,Dark Blast Step Attack,
巨軀-侵略步伐,2289473436,Melee,Dark Blast Violence Step,
巨軀-死亡奔馳,517914866,PA,Physical Dash melee,
巨軀-死亡奔馳,517914869,PA,Physical Dash melee wide range,
巨軀-懲戒波紋,1117313539,PA,Punishment Knuckle,
巨軀-懲戒波紋,1611279117,PA,Punishment Knuckle charged,
巨軀-無限一擊,3283361988,PA,Ultimate Impact,
巨軀-百裂神拳 非蓄力,1117313602,PA,Infinity Rush hits uncharged,
巨軀-百裂神拳 終結,395090797,PA,Infinity Rush finish,
巨軀-百裂神拳 蓄力,2429416220,PA,Infinity Rush hits charged,
巨軀-百裂神拳 蓄力终結,1697271546,PA,Infinity Rush finish charged,
巨軀-泰山之踏,1117313924,PA,Tyrant Strike,
ブーストキック,85301614,Special,Tokyo speed-pad kick level 1,
ブーストキック,85302964,Special,Tokyo speed-pad kick level 2,
ブーストキック,85303029,Special,Tokyo speed-pad kick level 3,
ブーストキック,85301612,Special,Tokyo speed-pad kick level 1 on cars,
ブーストキック,85302966,Special,Tokyo speed-pad kick level 2 on cars,
ブーストキック,85303031,Special,Tokyo speed-pad kick level 3 on cars,
Ridroid,3491866260,Special,ライドロイド射出,
Ridroid,2056025809,Special,ライドロイド normal 通常 wip,
Ridroid,2534881408,Special,ライドロイド hit forward stop,
Ridroid,2600476838,Special,ライドロイド 緊急回避,
Ridroid,1247666429,Special,ライドロイド ジャストタイミングブースト,
Ridroid,3750571080,Special,ライドロイド UFO ?,
Ridroid,3642240295,Special,ライドロイド UFO core ?,
Ridroid,651750924,Special,Big UFO hit?,
Ridroid,2452463220,Special,something relating to big ufo and rideroid,
Ridroid,1732461796,Special,something relating to big ufo and rideroid,
Ridroid,3809261131,Special,something relating to big ufo and rideroid,
Ridroid,1876785244,Special,Rideroid auto-attack (Mother phase 1),
Ridroid(ホーミングミサイル),3765765641,Special,Rideroid rockets (Mother phase 1),
Ridroid(スピンアタック),3642969286,Special,Rideroid barrel roll (Mother phase 1),
Ridroid(スピンアタック),1258041436,Special,Rideroid Mother's wall spun back (Mother phase 1),
エネルギーリング,645891880,Special,ライドロイド エネルギーリング,
モノメイト,2925757257,Special,Monomate (Automate Halfline/Deadline also uses this),
ディメイト,2925757256,Special,Dimate (Automate Halfline/Deadline also uses this),
トリメイト,2925757259,Special,Trimate (Automate Halfline/Deadline also uses this),
スターアトマイザー,2925757249,Special,Star Atomizer,
リカバリーポッド,633660526,Special,Recovery Pod (found before bosses & リカバリーポッド),
回復ポッド,458852839,Special,Restoration Pod (random spawn on maps & 回復ポッド),
ヒーリングガード,662646057,Special,Healing Guard (Hu skill),
インジュリー,140040,Special,Wound' state ending (Limit Break/PP Convert & Bayaribbles/Guar-Zigmorde/Hunar/Blu Ringahda/Viel all inflict this),
起身回覆,2440029502,Special,Just Reversal Cover (Br skill),
起身爆發戒指,3580699874,Special,Just Reversal B ring,
ヒールシェア,2616315751,Special,Heal Share (Bo skill),
HP吸収,893379015,Special,Vampiric Blade/Celestial Bullet/Megiverse all belong here,
弧月蝕,2608912395,Special,Lunar Eclipse (Weapon Potential),
飛斬翔刃,3065779197,Special,斬撃(フォームシリーズ)(Weapon Potential),
飛斬翔刃,3065779131,Special,斬撃(フォームシリーズ)(Weapon Potential),
飛斬翔刃,3065778236,Special,斬撃(フォームシリーズ)(Weapon Potential),
拉維斯衝擊波,4139628318,Special,Mysterious Conjurer (Lavis Cannon) (weapon Potential),
DS 龍捲風(緋炎の両刃),1054020189,Special,14ダブルセイバークヴェレスカーレット,
DS 龍捲風(緋炎の両刃),1054020252,Special,14ダブルセイバークヴェレスカーレット,
DS 龍捲風(緋炎の両刃),1054023161,Special,14ダブルセイバークヴェレスカーレット,
古の針散弾,2482321781,Special,14アサルトライフルスプレッドニードル,
四連石榴,3191508501,Special,14ランチャーヤスミノコフ4000FJ,
四連石榴,3193149642,Special,14ランチャーヤスミノコフ4000FJ,
四連石榴,3193417863,Special,14ランチャーヤスミノコフ4000FJ,
ダイブロールシュート(四連石榴),3569343302,Ranged,Quadruple Grenade (Dive Roll Shoot) (Yasminkov 4000FJ) (Weapon Potential),
追撃の輝弓,2512505424,Special,Auxiliary Dart (Radius Arca) (Weapon Potential),
追撃の輝弓,2512505439,Special,Auxiliary Dart (Radius Arca) (Weapon Potential),
天雷の飛翔剣,2924634920,Special,14DBユピテルトゥルス,
闇の一瞥,2270328498,Special,14タクトリュクロス・スタッフ,
避跳飛刃,2311811561,Special,Temporary name (Weapon Potential),
天の加護,2428138007,Special,14ジブリル,
Emperappy hug <3,2088559161,Special,Emperappy hug <3,
東京風ハンバーグ,585389849,Special,Tokyo Style Hamburger (Cuisine),
磁雷針,2370429206,Special,Magnetic Needle (Skyscape areas),
サークルレーザー,2939688058,Special,Circle Laser (random spawn on maps),
ガトリングトーチ,1852253343,Special,Normal Turret,
拘束銃座,1358461404,Special,Rodos Grapple Turret,
大砲,2414748436,Special,Facility Cannon,
フォトンキャノン,1954812953,Special,Photon Cannon uncharged,
フォトンキャノン,2822784832,Special,Photon Cannon charged,
禍縛の矢,791327364,Special,Binding Arrow Turret,
粒子砲,3339644659,Special,Photon Particle turret,
光子激光炮,2676260123,Special,Photon Laser Cannon,
光子懲罰者,224805109,Special,Photon Punisher,
AIS 光子軍刀,119505187,Special,A.I.S rifle (ソリッドバルカン),
AIS 光子軍刀,79965782,Special,A.I.S melee first attack (フォトンセイバー),
AIS 光子軍刀,79965783,Special,A.I.S melee second attack (フォトンセイバー),
AIS 光子軍刀,79965784,Special,A.I.S melee third attack (フォトンセイバー),
AIS 光子軍刀,80047171,Special,A.I.S dash melee (フォトンセイバー),
AIS 光子榴彈,434705298,Special,A.I.S rockets (フォトングレネード),
AIS 光子推進,79964675,Special,A.I.S gap closer PA attack (フォトンラッシュ),
AIS 光子衝擊波,1460054769,Special,A.I.S cannon (フォトンブラスター),
AIS 光子急凍,4081218683,Special,A.I.S mob freezing attack (フォトンブリザード),
AIS 光子脆化,3298256598,Special,A.I.S Weak Bullet (ウィークバスター),
AIS 光子癒合,2826401717,Special,A.I.S heal (エリアヒール),
速射砲,1913897098,Special,マナ速射砲,
盾劍,2235773608,Special,ラコニウムソード,
盾劍,2235773610,Special,ラコニウムソード,
盾劍,2235773611,Special,ラコニウムソード,
盾劍,2235773818,Special,ラコニウムソード,
盾劍,2235773926,Special,ラコニウムソード,
盾劍,2235773927,Special,ラコニウムソード,
盾劍,2235773944,Special,ラコニウムソード,
盾劍,2618804663,Special,ラコニウムソード,
盾劍,2619614461,Special,ラコニウムソード,
盾劍,3607718359,Special,ラコニウムソード,
DB通常攻撃(敗者),2743071591,,,
DB通常攻撃(敗者),2743062721,,,
敗者-虛空之矛,1783571383,,,
敗者-虛空之矛,2928504078,,,
敗者-虛數射線,1783571188,,,
敗者-虛數射線,2849190450,,,
敗者-伽瑪爆裂,1223455602,,,
敗者-智慧原力,651603449,,,
敗者-機敏下降,2970658149,,,
敗者-回避反擊,2191939386,,,
敗者-擴散死光,2091027507,,,
敗者-高速飛行,4078260742,,,
アッパートラップEx,3643936161,Special,Upper trap (Ra skill),
ポイズントラップEx,2794244546,Special,Poison Trap (Ra skill),
特殊翻滾強化,2628225583,,,
特殊翻滾強化,2718316197,,,
特殊翻滾強化,3710533329,,,
特殊翻滾強化,534488752,,,
重錘一擊,1770469728,ウォンドPA,ノンチャージ,
重錘一擊,3027256165,ウォンドPA,1段チャージ,
重錘一擊,1393830765,ウォンドPA,フルチャージ,
拉維斯衝擊波,4139628288,潜在,ヘヴィーハンマー1段チャージ(ラヴィス＝カノン),
拉維斯衝擊波,4139628319,潜在,ヘヴィーハンマーフルチャージ(ラヴィス＝カノン),
冰光之翼,950481737,,,
冰光之翼,950479247,,,
冰光之翼,4003740182,,,
冰光之翼,138892717,,,
風雷龍捲,718207365,,,
風雷龍捲,1867811774,,,
風雷龍捲,1867811711,,,
風雷龍捲,718208837,,,
焰闇突刺,564406075,,,
焰闇突刺,564406201,,,
焰闇突刺,2206442470,,,
焰闇突刺,2206444891,,,
DB通常攻撃(若人),3379639420,1st Hit,,
DB通常攻撃(若人),3380458763,2nd Hit,,
DB通常攻撃(若人),3380192966,3rd Hit,,
DB通常攻撃(若人),3380628902,4th Hit,,
DB通常攻撃(若人),3377229307,5th Hit,,
DB通常攻撃(若人),3376960044,6th Hit,,
DB通常攻撃(若人),3377051585,7th Hit,,
DB通常攻撃(若人),3377849861,8th Hit,,
DB通常攻撃(若人),855002982,9th Hit スラッシュ,,
DB通常攻撃(若人),2326333456,9th Hit ファイナル,,
DB墊步攻擊(若人),3725887474,ステップアタック,,
若人-優雅舞步,361825851,発射体,,
若人-優雅舞步,3535795759,スピン,,
若人-優雅舞步,781100939,ロイヤルスコーピオン　発射体,,
若人-死亡探戈,2295506478,,,
若人-死亡探戈,173810558,,,
若人-死亡探戈,37504833,,,
若人-皇家蝎子,793625150,,,
若人-黃蜂侍者,1764406382,,,
若人-黃蜂侍者,3891439877,,,
若人-幻影舞步,3617357696,,,
若人-誘惑步伐,452272060,,,
若人-女皇降臨,1891210633,,,
DB通常攻撃(雙子),2002943320,Melee,Dark Blast (Double) first hit,
DB通常攻撃(雙子),2000047869,Melee,Dark Blast (Double) second hit,
DB通常攻撃(雙子),2002496834,Melee,Dark Blast (Double) third hit,
DB通常攻撃(雙子),1957174279,Melee,Dark Blast (Double) fourth hit,
DB通常攻撃(雙子),1955884339,Melee,Dark Blast (Double) fifth hit,
DB墊步攻擊(雙子),4134333680,Melee,Dark Blast (Double) Step Attack,
雙子-驚喜重錘,4271466373,PA,Surprise Hammer,
雙子-驚喜重錘,305729398,PA,Surprise Hammer second hit,
雙子-瘋狂卡丁車,682884756,PA,Waku Waku Go-Kart physical hit,
雙子-瘋狂卡丁車,4271465479,PA,Waku Waku Go-Kart physical hit 2-wheelie mode,
雙子-瘋狂卡丁車,3983075073,PA,Waku Waku Go-Kart projectile,
雙子-快樂加特林,4271465542,PA,Happy Bazooka,
雙子-繽紛嘉年華,3593316716,Special,Flower Carnival attacks,
雙子-繽紛嘉年華,483639921,Special,Flower Carnival finish,
雙子-極限飄移,472092093,Special,Clutch Step,
幻影切換(拔刀),2907201045,
幻影切換(拔刀),2907201492,
幻影切換(步槍),3786184050,1段階
幻影切換(步槍),3785421997,
幻影切換(長杖),404882650,
幻影切換(長杖)),404882329,
DCS(拔刀),2765954690,
DCS(步槍),2600842557,
DCS(長杖),3301900032,
テク追撃,2999731584,
PTF(拔刀),975125104,
PTF(拔刀),3695463316,
PTF(步槍),2243620231,
PTF(步槍),1412080400,
PTF(長杖),2995855500,
PTF(長杖),2682739887,
PTF(長杖),2682739886,
PTF(長杖),2682739872,
通常攻撃(幻影拔刀),973258663,
通常攻撃(幻影拔刀),973258596,
通常攻撃(幻影拔刀),973258533,
通常攻撃(幻影拔刀),840700311,
通常攻撃(幻影拔刀),840699985,
通常攻撃(幻影拔刀),840699920,
墊步攻擊(幻影拔刀),980427043,
印記爆發(幻影拔刀),4188914875,
化蝶一閃,987960113,斬撃
化蝶一閃,1599479410,射撃
化蝶一閃Sh,1599478186,1段
化蝶一閃Sh,3569709951,2段
酷刑時間,987960176,
酷刑時間,1599475427,返し
酷刑時間Sh,1599473979,
轟天殞落,1599486311,斬撃
轟天殞落,987960240,衝撃波
轟天殞落Sh,2011111966,
薔薇之劍,654363349,初撃
薔薇之劍,3569459369,Unknown
薔薇之劍,3569459371,Unknown
薔薇之劍,3569459368,Unknown
薔薇之劍Sh,1398920256,
薔薇之劍Sh,1705644539,持続斬撃
通常攻撃(幻影步槍),2491562758,1段目
通常攻撃(幻影步槍),2491562565,2段目
通常攻撃(幻影步槍),2491562628,3段目
墊步攻擊(幻影步槍),1999947508,
印記爆發(幻影步槍),3089109531,未チャージ追撃
印記爆發(幻影步槍),2014302715,チャージ
雷霆疾風,2215020097,Push
雷霆疾風,2215020162,UnPush
雷霆疾風Sh,3158383588,連射
雷霆疾風Sh,1640997085,打止
夜襲轟擊,3220962310,
夜襲轟擊,3220962891,爆発
夜襲轟擊Sh,4046511708,
罪,4290111736,
罪Sh,3151257398,
罰,3288338193,
罰Sh,4213673767,
通常攻撃(幻影長杖),2953139672,1段目
通常攻撃(幻影長杖),2953139611,2段目
通常攻撃(幻影長杖),2953139290,3段目
墊步攻擊(幻影長杖),2998890418,
印記爆發(幻影長杖),1431710595,Uncharged
印記爆發(幻影長杖),421953627,Charged
共鳴協奏曲,1579409293,1段目
共鳴協奏曲,1579408972,2段目
共鳴協奏曲,1579408900,3段目
共鳴協奏曲,3522834748,追撃
共鳴協奏曲Sh,1429241745,Unknown
共鳴協奏曲Sh,3406878835,Unknown
殺戮時間,1579594570,
殺戮時間,2670384126,爆発
殺戮時間Sh,1579574174,フィールド
靈敏黑貓,3406887572,
靈敏黑貓Sh,3406887761,
鋼鐵之羽,3115083023,
鋼鐵之羽Sh,3413713363,